id,timestamp,prediction,attack_type
1,2026-07-17 22:00:54,Normal,Normal
2,2026-07-17 22:00:54,Normal,Normal
3,2026-07-17 22:00:55,Normal,Normal
4,2026-07-17 22:00:56,Normal,Normal
5,2026-07-17 22:00:56,Normal,Normal
6,2026-07-17 22:00:57,Normal,Normal
7,2026-07-17 22:00:58,Normal,Normal
8,2026-07-17 22:00:58,Normal,Normal
9,2026-07-17 22:00:59,Normal,Normal
10,2026-07-17 22:01:00,Normal,Normal
11,2026-07-17 22:01:01,Normal,Normal
12,2026-07-17 22:01:01,Normal,Normal
13,2026-07-17 22:01:02,Normal,Normal
14,2026-07-17 22:01:03,Normal,Normal
15,2026-07-17 22:01:03,Attack,Exploits
16,2026-07-17 22:01:04,Normal,Normal
17,2026-07-17 22:01:05,Normal,Normal
18,2026-07-17 22:01:05,Normal,Normal
19,2026-07-17 22:01:06,Normal,Normal
20,2026-07-17 22:01:07,Normal,Normal
21,2026-07-17 22:01:08,Normal,Normal
22,2026-07-17 22:01:08,Normal,Normal
23,2026-07-17 22:01:09,Normal,Normal
24,2026-07-17 22:01:10,Normal,Normal
25,2026-07-17 22:01:10,Normal,Normal
26,2026-07-17 22:01:11,Normal,Normal
27,2026-07-17 22:01:12,Normal,Normal
28,2026-07-17 22:01:12,Attack,Exploits
29,2026-07-17 22:01:13,Attack,Shellcode
30,2026-07-17 22:01:14,Normal,Normal
31,2026-07-17 22:01:15,Normal,Normal
32,2026-07-17 22:01:15,Normal,Normal
33,2026-07-17 22:01:16,Normal,Normal
34,2026-07-17 22:01:17,Normal,Normal
35,2026-07-17 22:01:17,Normal,Normal
36,2026-07-17 22:01:18,Normal,Normal
37,2026-07-17 22:01:19,Normal,Normal
38,2026-07-17 22:01:19,Normal,Normal
39,2026-07-17 22:01:20,Normal,Normal
40,2026-07-17 22:01:21,Normal,Normal
41,2026-07-17 22:01:22,Normal,Normal
42,2026-07-17 22:01:22,Normal,Normal
43,2026-07-17 22:01:23,Normal,Normal
44,2026-07-17 22:01:24,Normal,Normal
45,2026-07-17 22:01:24,Normal,Normal
46,2026-07-17 22:01:25,Normal,Normal
47,2026-07-17 22:01:26,Normal,Normal
48,2026-07-17 22:01:26,Normal,Normal
49,2026-07-17 22:01:27,Normal,Normal
50,2026-07-17 22:01:28,Normal,Normal
